timestamp,R_angle(θ),R_Torque Cmd,R_Torque Est,L_angle(θ),L_Torque Cmd,L_Torque Est,Lθ Display,Rθ Display,Lτ Display,Rτ Display
0.144,-0.51,0.0,0.0,6.05,0.0,0.0,6.0,-0.5,0.0 (cmd 0.0),0.0 (cmd 0.0)
0.1445,-2.8,0.0,0.0,-1.34,0.0,0.0,-1.3,-2.8,0.0 (cmd 0.0),0.0 (cmd 0.0)
0.145,-1.02,0.0,0.0,-5.64,0.0,0.0,-5.6,-1.0,0.0 (cmd 0.0),0.0 (cmd 0.0)
0.1455,-0.29,0.0,0.0,-5.23,0.0,0.0,-5.2,-0.3,0.0 (cmd 0.0),0.0 (cmd 0.0)
0.146,1.25,0.0,0.0,-5.33,0.0,0.0,-5.3,1.2,0.0 (cmd 0.0),0.0 (cmd 0.0)
0.1465,4.97,0.0,0.0,-6.06,0.0,0.0,-6.1,5.0,0.0 (cmd 0.0),0.0 (cmd 0.0)
0.147,5.53,0.0,0.0,-5.88,0.0,0.0,-5.9,5.5,0.0 (cmd 0.0),0.0 (cmd 0.0)
0.1475,3.77,0.0,0.0,-6.49,0.0,0.0,-6.5,3.8,0.0 (cmd 0.0),0.0 (cmd 0.0)
0.148,2.39,0.0,0.0,-6.11,0.0,0.0,-6.1,2.4,0.0 (cmd 0.0),0.0 (cmd 0.0)
0.1485,1.51,0.0,0.0,-5.23,0.0,0.0,-5.2,1.5,0.0 (cmd 0.0),0.0 (cmd 0.0)
0.149,-2.61,0.0,0.0,-1.77,0.0,0.0,-1.8,-2.6,0.0 (cmd 0.0),0.0 (cmd 0.0)
0.1495,-13.02,0.0,0.0,2.2,0.0,0.0,2.2,-13.0,0.0 (cmd 0.0),0.0 (cmd 0.0)
0.15,-19.71,0.0,0.0,6.62,0.0,0.0,6.6,-19.7,0.0 (cmd 0.0),0.0 (cmd 0.0)
0.1505,-12.94,0.0,0.0,8.41,0.0,0.0,8.4,-12.9,0.0 (cmd 0.0),0.0 (cmd 0.0)
0.151,4.57,0.0,0.0,-3.15,0.0,0.0,-3.1,4.6,0.0 (cmd 0.0),0.0 (cmd 0.0)
0.1515,22.37,0.0,0.0,-23.58,0.0,0.0,-23.6,22.4,0.0 (cmd 0.0),0.0 (cmd 0.0)
0.152,40.08,0.0,0.0,-41.82,0.0,0.0,-41.8,40.1,0.0 (cmd 0.0),0.0 (cmd 0.0)
0.1525,54.24,0.0,0.0,-48.7,0.0,0.0,-48.7,54.2,0.0 (cmd 0.0),0.0 (cmd 0.0)
0.153,60.74,0.0,0.0,-53.23,0.0,0.0,-53.2,60.7,0.0 (cmd 0.0),0.0 (cmd 0.0)
0.1535,61.01,0.0,0.0,-54.07,0.0,0.0,-54.1,61.0,0.0 (cmd 0.0),0.0 (cmd 0.0)
0.154,53.7,0.0,0.0,-35.62,0.0,0.0,-35.6,53.7,0.0 (cmd 0.0),0.0 (cmd 0.0)
0.1545,25.81,0.0,0.0,-9.22,0.0,0.0,-9.2,25.8,0.0 (cmd 0.0),0.0 (cmd 0.0)
0.155,0.85,0.0,0.0,11.68,0.0,0.0,11.7,0.8,0.0 (cmd 0.0),0.0 (cmd 0.0)
0.1555,-28.22,0.0,0.0,37.43,0.0,0.0,37.4,-28.2,0.0 (cmd 0.0),0.0 (cmd 0.0)
0.156,-45.98,0.0,0.0,49.18,0.0,0.0,49.2,-46.0,0.0 (cmd 0.0),0.0 (cmd 0.0)
0.1565,-52.82,0.0,0.0,52.3,0.0,0.0,52.3,-52.8,0.0 (cmd 0.0),0.0 (cmd 0.0)
0.157,-52.11,0.0,0.0,45.36,0.0,0.0,45.4,-52.1,0.0 (cmd 0.0),0.0 (cmd 0.0)
0.1575,-50.31,0.0,0.0,31.39,0.0,0.0,31.4,-50.3,0.0 (cmd 0.0),0.0 (cmd 0.0)
0.158,-21.67,0.0,0.0,10.16,0.0,0.0,10.2,-21.7,0.0 (cmd 0.0),0.0 (cmd 0.0)
0.1585,-0.01,0.0,0.0,-17.75,0.0,0.0,-17.8,-0.0,0.0 (cmd 0.0),0.0 (cmd 0.0)
0.159,28.17,0.0,0.0,-40.54,0.0,0.0,-40.5,28.2,0.0 (cmd 0.0),0.0 (cmd 0.0)
0.1595,46.32,0.0,0.0,-51.42,0.0,0.0,-51.4,46.3,0.0 (cmd 0.0),0.0 (cmd 0.0)
0.16,59.31,0.0,0.0,-58.87,0.0,0.0,-58.9,59.3,0.0 (cmd 0.0),0.0 (cmd 0.0)
0.1605,61.9,0.0,0.0,-66.52,0.0,0.0,-66.5,61.9,0.0 (cmd 0.0),0.0 (cmd 0.0)
0.161,61.37,0.0,0.0,-64.99,0.0,0.0,-65.0,61.4,0.0 (cmd 0.0),0.0 (cmd 0.0)
0.1615,43.58,0.0,0.0,-46.17,0.0,0.0,-46.2,43.6,0.0 (cmd 0.0),0.0 (cmd 0.0)
0.162,18.92,0.0,0.0,6.39,0.0,0.0,6.4,18.9,0.0 (cmd 0.0),0.0 (cmd 0.0)
0.1625,-11.06,0.0,0.0,25.41,0.0,0.0,25.4,-11.1,0.0 (cmd 0.0),0.0 (cmd 0.0)
0.163,-35.71,0.0,0.0,50.97,0.0,0.0,51.0,-35.7,0.0 (cmd 0.0),0.0 (cmd 0.0)
0.1635,-47.58,0.0,0.0,55.78,0.0,0.0,55.8,-47.6,0.0 (cmd 0.0),0.0 (cmd 0.0)
0.164,-53.5,0.0,0.0,58.4,0.0,0.0,58.4,-53.5,0.0 (cmd 0.0),0.0 (cmd 0.0)
0.1645,-56.77,0.0,0.0,53.12,0.0,0.0,53.1,-56.8,0.0 (cmd 0.0),0.0 (cmd 0.0)
0.165,-44.56,0.0,0.0,38.26,0.0,0.0,38.3,-44.6,0.0 (cmd 0.0),0.0 (cmd 0.0)
0.1655,-14.18,0.0,0.0,3.07,0.0,0.0,3.1,-14.2,0.0 (cmd 0.0),0.0 (cmd 0.0)
0.166,15.5,0.0,0.0,-29.9,0.0,0.0,-29.9,15.5,0.0 (cmd 0.0),0.0 (cmd 0.0)
0.1665,39.33,0.0,0.0,-47.51,0.0,0.0,-47.5,39.3,0.0 (cmd 0.0),0.0 (cmd 0.0)
0.167,58.44,0.0,0.0,-58.01,0.0,0.0,-58.0,58.4,0.0 (cmd 0.0),0.0 (cmd 0.0)
0.1675,63.75,0.0,0.0,-62.98,0.0,0.0,-63.0,63.8,0.0 (cmd 0.0),0.0 (cmd 0.0)
0.168,65.32,0.0,0.0,-63.43,0.0,0.0,-63.4,65.3,0.0 (cmd 0.0),0.0 (cmd 0.0)
0.1685,47.87,0.0,0.0,-41.59,0.0,0.0,-41.6,47.9,0.0 (cmd 0.0),0.0 (cmd 0.0)
0.169,19.09,0.0,0.0,5.4,0.0,0.0,5.4,19.1,0.0 (cmd 0.0),0.0 (cmd 0.0)
0.1695,-23.21,0.0,0.0,29.14,0.0,0.0,29.1,-23.2,0.0 (cmd 0.0),0.0 (cmd 0.0)
0.17,-44.34,0.0,0.0,39.38,0.0,0.0,39.4,-44.3,0.0 (cmd 0.0),0.0 (cmd 0.0)
0.1705,-56.77,0.0,0.0,43.69,0.0,0.0,43.7,-56.8,0.0 (cmd 0.0),0.0 (cmd 0.0)
0.171,-59.87,0.0,0.0,43.68,0.0,0.0,43.7,-59.9,0.0 (cmd 0.0),0.0 (cmd 0.0)
0.1715,-59.46,0.0,0.0,41.83,0.0,0.0,41.8,-59.5,0.0 (cmd 0.0),0.0 (cmd 0.0)
0.172,-48.66,0.0,0.0,38.14,0.0,0.0,38.1,-48.7,0.0 (cmd 0.0),0.0 (cmd 0.0)
0.1725,-38.79,0.0,0.0,32.42,0.0,0.0,32.4,-38.8,0.0 (cmd 0.0),0.0 (cmd 0.0)
0.173,-13.84,0.0,0.0,6.29,0.0,0.0,6.3,-13.8,0.0 (cmd 0.0),0.0 (cmd 0.0)
0.1735,13.3,0.0,0.0,-23.98,0.0,0.0,-24.0,13.3,0.0 (cmd 0.0),0.0 (cmd 0.0)
0.174,43.73,0.0,0.0,-43.23,0.0,0.0,-43.2,43.7,0.0 (cmd 0.0),0.0 (cmd 0.0)
0.1745,51.78,0.0,0.0,-57.92,0.0,0.0,-57.9,51.8,0.0 (cmd 0.0),0.0 (cmd 0.0)
0.175,56.51,0.0,0.0,-62.19,0.0,0.0,-62.2,56.5,0.0 (cmd 0.0),0.0 (cmd 0.0)
0.1755,50.87,0.0,0.0,-62.95,0.0,0.0,-63.0,50.9,0.0 (cmd 0.0),0.0 (cmd 0.0)
0.176,28.92,0.0,0.0,-40.73,0.0,0.0,-40.7,28.9,0.0 (cmd 0.0),0.0 (cmd 0.0)
0.1765,-13.73,0.0,0.0,9.38,0.0,0.0,9.4,-13.7,0.0 (cmd 0.0),0.0 (cmd 0.0)
0.177,-43.51,0.0,0.0,29.95,0.0,0.0,29.9,-43.5,0.0 (cmd 0.0),0.0 (cmd 0.0)
0.1775,-56.74,0.0,0.0,40.11,0.0,0.0,40.1,-56.7,0.0 (cmd 0.0),0.0 (cmd 0.0)
0.178,-56.76,0.0,0.0,40.23,0.0,0.0,40.2,-56.8,0.0 (cmd 0.0),0.0 (cmd 0.0)
0.1785,-42.29,0.0,0.0,27.13,0.0,0.0,27.1,-42.3,0.0 (cmd 0.0),0.0 (cmd 0.0)
0.179,-15.85,0.0,0.0,14.55,0.0,0.0,14.6,-15.8,0.0 (cmd 0.0),0.0 (cmd 0.0)
0.1795,6.22,0.0,0.0,0.01,0.0,0.0,0.0,6.2,0.0 (cmd 0.0),0.0 (cmd 0.0)
0.18,11.17,0.0,0.0,-4.09,0.0,0.0,-4.1,11.2,0.0 (cmd 0.0),0.0 (cmd 0.0)
0.1805,19.49,0.0,0.0,-1.43,0.0,0.0,-1.4,19.5,0.0 (cmd 0.0),0.0 (cmd 0.0)
0.181,23.87,0.0,0.0,-2.49,0.0,0.0,-2.5,23.9,0.0 (cmd 0.0),0.0 (cmd 0.0)
0.1815,22.41,0.0,0.0,-4.39,0.0,0.0,-4.4,22.4,0.0 (cmd 0.0),0.0 (cmd 0.0)
0.182,20.68,0.0,0.0,-11.6,0.0,0.0,-11.6,20.7,0.0 (cmd 0.0),0.0 (cmd 0.0)
0.1825,18.81,0.0,0.0,-11.44,0.0,0.0,-11.4,18.8,0.0 (cmd 0.0),0.0 (cmd 0.0)
0.183,16.01,0.0,0.0,-9.33,0.0,0.0,-9.3,16.0,0.0 (cmd 0.0),0.0 (cmd 0.0)
0.1835,12.68,0.0,0.0,-1.83,0.0,0.0,-1.8,12.7,0.0 (cmd 0.0),0.0 (cmd 0.0)
0.184,12.16,0.0,0.0,-2.34,0.0,0.0,-2.3,12.2,0.0 (cmd 0.0),0.0 (cmd 0.0)
0.1845,4.27,0.0,0.0,-1.81,0.0,0.0,-1.8,4.3,0.0 (cmd 0.0),0.0 (cmd 0.0)
0.185,1.89,0.0,0.0,-2.61,0.0,0.0,-2.6,1.9,0.0 (cmd 0.0),0.0 (cmd 0.0)
0.1855,-0.13,0.0,0.0,-3.2,0.0,0.0,-3.2,-0.1,0.0 (cmd 0.0),0.0 (cmd 0.0)
0.186,-3.31,0.0,0.0,-4.07,0.0,0.0,-4.1,-3.3,0.0 (cmd 0.0),0.0 (cmd 0.0)
0.1865,-4.03,0.0,0.0,-4.73,0.0,0.0,-4.7,-4.0,0.0 (cmd 0.0),0.0 (cmd 0.0)
0.187,-2.28,0.0,0.0,-2.62,0.0,0.0,-2.6,-2.3,0.0 (cmd 0.0),0.0 (cmd 0.0)
0.1875,-2.54,0.0,0.0,-3.05,0.0,0.0,-3.0,-2.5,0.0 (cmd 0.0),0.0 (cmd 0.0)
0.188,-2.34,0.0,0.0,-2.66,0.0,0.0,-2.7,-2.3,0.0 (cmd 0.0),0.0 (cmd 0.0)
0.1885,-2.38,0.0,0.0,-2.53,0.0,0.0,-2.5,-2.4,0.0 (cmd 0.0),0.0 (cmd 0.0)
0.189,-1.23,0.0,0.0,-1.28,0.0,0.0,-1.3,-1.2,0.0 (cmd 0.0),0.0 (cmd 0.0)
0.1895,-0.68,0.0,0.0,-0.94,0.0,0.0,-0.9,-0.7,0.0 (cmd 0.0),0.0 (cmd 0.0)
0.19,-0.55,0.0,0.0,-0.76,0.0,0.0,-0.8,-0.6,0.0 (cmd 0.0),0.0 (cmd 0.0)
0.1905,-0.19,0.0,0.0,-0.49,0.0,0.0,-0.5,-0.2,0.0 (cmd 0.0),0.0 (cmd 0.0)
0.191,0.1,0.0,0.0,-0.22,0.0,0.0,-0.2,0.1,0.0 (cmd 0.0),0.0 (cmd 0.0)
0.1915,0.04,0.0,0.0,-0.26,0.0,0.0,-0.3,0.0,0.0 (cmd 0.0),0.0 (cmd 0.0)
0.192,-0.18,0.0,0.0,-0.52,0.0,0.0,-0.5,-0.2,0.0 (cmd 0.0),0.0 (cmd 0.0)
0.1925,-0.11,0.0,0.0,-0.31,0.0,0.0,-0.3,-0.1,0.0 (cmd 0.0),0.0 (cmd 0.0)
0.193,0.01,0.0,0.0,-0.16,0.0,0.0,-0.2,0.0,0.0 (cmd 0.0),0.0 (cmd 0.0)
0.1935,-0.02,0.0,0.0,-0.24,0.0,0.0,-0.2,-0.0,0.0 (cmd 0.0),0.0 (cmd 0.0)
0.194,-0.11,0.0,0.0,-0.35,0.0,0.0,-0.3,-0.1,0.0 (cmd 0.0),0.0 (cmd 0.0)
0.1945,-0.34,0.0,0.0,-0.47,0.0,0.0,-0.5,-0.3,0.0 (cmd 0.0),0.0 (cmd 0.0)
0.195,-0.33,0.0,0.0,-0.45,0.0,0.0,-0.5,-0.3,0.0 (cmd 0.0),0.0 (cmd 0.0)
0.1955,-0.31,0.0,0.0,-0.4,0.0,0.0,-0.4,-0.3,0.0 (cmd 0.0),0.0 (cmd 0.0)
0.196,-0.3,0.0,0.0,-0.37,0.0,0.0,-0.4,-0.3,0.0 (cmd 0.0),0.0 (cmd 0.0)
0.1965,-0.24,0.0,0.0,-0.3,0.0,0.0,-0.3,-0.2,0.0 (cmd 0.0),0.0 (cmd 0.0)
0.197,-0.19,0.0,0.0,-0.24,0.0,0.0,-0.2,-0.2,0.0 (cmd 0.0),0.0 (cmd 0.0)
0.1975,-0.11,0.0,0.0,-0.1,0.0,0.0,-0.1,-0.1,0.0 (cmd 0.0),0.0 (cmd 0.0)
0.198,-0.05,0.0,0.0,-0.08,0.0,0.0,-0.1,-0.1,0.0 (cmd 0.0),0.0 (cmd 0.0)
0.1985,-0.09,0.0,0.0,-0.09,0.0,0.0,-0.1,-0.1,0.0 (cmd 0.0),0.0 (cmd 0.0)
0.199,-0.06,0.0,0.0,-0.01,0.0,0.0,-0.0,-0.1,0.0 (cmd 0.0),0.0 (cmd 0.0)
0.1995,0.0,0.0,0.0,0.05,0.0,0.0,0.1,0.0,0.0 (cmd 0.0),0.0 (cmd 0.0)
0.2,-0.15,0.0,0.0,-0.01,0.0,0.0,-0.0,-0.1,0.0 (cmd 0.0),0.0 (cmd 0.0)
0.2005,-0.16,0.0,0.0,0.0,0.0,0.0,0.0,-0.2,0.0 (cmd 0.0),0.0 (cmd 0.0)
0.201,-0.23,0.0,0.0,-0.03,0.0,0.0,-0.0,-0.2,0.0 (cmd 0.0),0.0 (cmd 0.0)
0.2015,-0.26,0.0,0.0,-0.01,0.0,0.0,-0.0,-0.3,0.0 (cmd 0.0),0.0 (cmd 0.0)
0.202,-0.42,0.0,0.0,-0.08,0.0,0.0,-0.1,-0.4,0.0 (cmd 0.0),0.0 (cmd 0.0)
0.2025,-0.51,0.0,0.0,-0.19,0.0,0.0,-0.2,-0.5,0.0 (cmd 0.0),0.0 (cmd 0.0)
0.203,-0.56,0.0,0.0,-0.21,0.0,0.0,-0.2,-0.6,0.0 (cmd 0.0),0.0 (cmd 0.0)
0.2035,-0.68,0.0,0.0,-0.26,0.0,0.0,-0.3,-0.7,0.0 (cmd 0.0),0.0 (cmd 0.0)
0.204,-0.96,0.0,0.0,-0.56,0.0,0.0,-0.6,-1.0,0.0 (cmd 0.0),0.0 (cmd 0.0)
0.2045,-1.06,0.0,0.0,-0.69,0.0,0.0,-0.7,-1.1,0.0 (cmd 0.0),0.0 (cmd 0.0)
0.205,-1.25,0.0,0.0,-0.87,0.0,0.0,-0.9,-1.2,0.0 (cmd 0.0),0.0 (cmd 0.0)
0.2055,-0.81,0.0,0.0,-0.59,0.0,0.0,-0.6,-0.8,0.0 (cmd 0.0),0.0 (cmd 0.0)
0.206,-0.56,0.0,0.0,-0.21,0.0,0.0,-0.2,-0.6,0.0 (cmd 0.0),0.0 (cmd 0.0)
0.2065,-0.83,0.0,0.0,-0.56,0.0,0.0,-0.6,-0.8,0.0 (cmd 0.0),0.0 (cmd 0.0)
0.207,-0.98,0.0,0.0,-0.64,0.0,0.0,-0.6,-1.0,0.0 (cmd 0.0),0.0 (cmd 0.0)
0.2075,-0.95,0.0,0.0,-0.61,0.0,0.0,-0.6,-0.9,0.0 (cmd 0.0),0.0 (cmd 0.0)
0.208,-1.31,0.0,0.0,-1.11,0.0,0.0,-1.1,-1.3,0.0 (cmd 0.0),0.0 (cmd 0.0)
0.2085,2.34,0.0,0.0,0.37,0.0,0.0,0.4,2.3,0.0 (cmd 0.0),0.0 (cmd 0.0)
0.209,10.62,0.0,0.0,-1.03,0.0,0.0,-1.0,10.6,0.0 (cmd 0.0),0.0 (cmd 0.0)
0.2095,24.78,0.0,0.0,-24.05,0.0,0.0,-24.1,24.8,0.0 (cmd 0.0),0.0 (cmd 0.0)
0.21,49.15,0.0,0.0,-47.08,0.0,0.0,-47.1,49.1,0.0 (cmd 0.0),0.0 (cmd 0.0)
0.2105,62.72,0.0,0.0,-56.77,-0.01,0.0,-56.8,62.7,0.0 (cmd 0.0),0.0 (cmd -0.0)
0.211,64.75,0.0,0.0,-65.31,-0.35,0.0,-65.3,64.8,0.0 (cmd 0.0),0.0 (cmd -0.3)
0.2115,63.47,0.0,0.0,-58.69,-1.26,0.0,-58.7,63.5,0.0 (cmd 0.0),0.0 (cmd -1.3)
0.212,47.76,-4.3,0.0,-34.42,-0.55,0.0,-34.4,47.8,0.0 (cmd -4.3),0.0 (cmd -0.6)
0.2125,7.61,-9.38,0.0,8.48,-0.13,0.0,8.5,7.6,0.0 (cmd -9.4),0.0 (cmd -0.1)
0.213,-18.56,-11.18,0.0,42.34,0.63,0.0,42.3,-18.6,0.0 (cmd -11.2),0.0 (cmd 0.6)
0.2135,-38.89,-3.68,0.0,49.58,0.28,0.0,49.6,-38.9,0.0 (cmd -3.7),0.0 (cmd 0.3)
0.214,-59.64,-6.37,0.0,58.43,0.12,0.0,58.4,-59.6,0.0 (cmd -6.4),0.0 (cmd 0.1)
0.2145,-67.46,-2.9,0.0,62.79,0.05,0.0,62.8,-67.5,0.0 (cmd -2.9),0.0 (cmd 0.1)
0.215,-71.13,-2.52,0.0,59.71,0.02,0.0,59.7,-71.1,0.0 (cmd -2.5),0.0 (cmd 0.0)
0.2155,-66.46,-0.23,0.0,40.37,-4.32,0.0,40.4,-66.5,0.0 (cmd -0.2),0.0 (cmd -4.3)
0.216,-32.3,2.66,0.0,11.2,-8.96,0.0,11.2,-32.3,0.0 (cmd 2.7),0.0 (cmd -9.0)
0.2165,6.73,1.78,0.0,-25.59,-12.0,0.0,-25.6,6.7,0.0 (cmd 1.8),0.0 (cmd -12.0)
0.217,34.16,2.63,0.0,-45.08,-5.46,0.0,-45.1,34.2,0.0 (cmd 2.6),0.0 (cmd -5.5)
0.2175,56.76,1.17,0.0,-53.01,-3.11,0.0,-53.0,56.8,0.0 (cmd 1.2),0.0 (cmd -3.1)
0.218,60.85,0.51,0.0,-59.67,-3.92,0.0,-59.7,60.9,0.0 (cmd 0.5),0.0 (cmd -3.9)
0.2185,62.61,0.23,0.0,-63.42,-3.18,0.0,-63.4,62.6,0.0 (cmd 0.2),0.0 (cmd -3.2)
0.219,55.65,-1.73,0.0,-59.63,-2.79,0.0,-59.6,55.6,0.0 (cmd -1.7),0.0 (cmd -2.8)
0.2195,32.51,-6.88,0.0,-46.66,2.57,0.0,-46.7,32.5,0.0 (cmd -6.9),0.0 (cmd 2.6)
0.22,2.39,-11.27,0.0,5.74,2.7,0.0,5.7,2.4,0.0 (cmd -11.3),0.0 (cmd 2.7)
0.2205,-19.69,-12.0,0.0,34.84,2.14,0.0,34.8,-19.7,0.0 (cmd -12.0),0.0 (cmd 2.1)
0.221,-33.3,-8.77,0.0,46.22,1.23,0.0,46.2,-33.3,0.0 (cmd -8.8),0.0 (cmd 1.2)
0.2215,-46.42,-8.11,0.0,53.87,0.54,0.0,53.9,-46.4,0.0 (cmd -8.1),0.0 (cmd 0.5)
0.222,-59.43,-3.29,0.0,59.34,0.24,0.0,59.3,-59.4,0.0 (cmd -3.3),0.0 (cmd 0.2)
0.2225,-67.64,-0.22,0.0,58.14,0.1,0.0,58.1,-67.6,0.0 (cmd -0.2),0.0 (cmd 0.1)
0.223,-69.7,0.38,0.0,52.12,-2.9,0.0,52.1,-69.7,0.0 (cmd 0.4),0.0 (cmd -2.9)
0.2235,-63.31,-0.03,0.0,32.92,-7.45,0.0,32.9,-63.3,0.0 (cmd -0.0),0.0 (cmd -7.5)
0.224,-40.33,0.54,0.0,5.38,-11.33,0.0,5.4,-40.3,0.0 (cmd 0.5),0.0 (cmd -11.3)
0.2245,8.02,1.86,0.0,-22.61,-12.0,0.0,-22.6,8.0,0.0 (cmd 1.9),0.0 (cmd -12.0)
0.225,31.23,2.67,0.0,-44.98,-9.55,0.0,-45.0,31.2,0.0 (cmd 2.7),0.0 (cmd -9.6)
0.2255,44.43,2.59,0.0,-55.52,-3.72,0.0,-55.5,44.4,0.0 (cmd 2.6),0.0 (cmd -3.7)
0.226,55.13,1.15,0.0,-61.0,-6.44,0.0,-61.0,55.1,0.0 (cmd 1.1),0.0 (cmd -6.4)
0.2265,60.55,0.51,0.0,-64.01,-4.7,0.0,-64.0,60.5,0.0 (cmd 0.5),0.0 (cmd -4.7)
0.227,61.73,0.22,0.0,-67.05,-2.2,0.0,-67.0,61.7,0.0 (cmd 0.2),0.0 (cmd -2.2)
0.2275,59.29,0.1,0.0,-69.04,-2.03,0.0,-69.0,59.3,0.0 (cmd 0.1),0.0 (cmd -2.0)
0.228,50.75,-5.63,0.0,-65.69,-0.42,0.0,-65.7,50.8,0.0 (cmd -5.6),0.0 (cmd -0.4)
0.2285,32.4,-10.18,0.0,-46.44,3.04,0.0,-46.4,32.4,0.0 (cmd -10.2),0.0 (cmd 3.0)
0.229,-3.14,-12.0,0.0,2.67,2.41,0.0,2.7,-3.1,0.0 (cmd -12.0),0.0 (cmd 2.4)
0.2295,-33.1,-8.01,0.0,26.38,2.31,0.0,26.4,-33.1,0.0 (cmd -8.0),0.0 (cmd 2.3)
0.23,-52.58,-0.51,0.0,39.85,2.99,0.0,39.9,-52.6,0.0 (cmd -0.5),0.0 (cmd 3.0)
0.2305,-60.1,1.5,0.0,52.81,1.32,0.0,52.8,-60.1,0.0 (cmd 1.5),0.0 (cmd 1.3)
0.231,-66.78,-3.13,0.0,58.14,0.58,0.0,58.1,-66.8,0.0 (cmd -3.1),0.0 (cmd 0.6)
0.2315,-70.4,-4.75,0.0,59.29,0.26,0.0,59.3,-70.4,0.0 (cmd -4.8),0.0 (cmd 0.3)
0.232,-70.92,-3.39,0.0,53.74,-0.8,0.0,53.7,-70.9,0.0 (cmd -3.4),0.0 (cmd -0.8)
0.2325,-68.17,-3.72,0.0,27.61,-4.82,0.0,27.6,-68.2,0.0 (cmd -3.7),0.0 (cmd -4.8)
0.233,-52.58,2.64,0.0,-6.04,-9.22,0.0,-6.0,-52.6,0.0 (cmd 2.6),0.0 (cmd -9.2)
0.2335,-17.22,3.18,0.0,-26.38,-12.0,0.0,-26.4,-17.2,0.0 (cmd 3.2),0.0 (cmd -12.0)
0.234,2.56,2.05,0.0,-44.92,-9.44,0.0,-44.9,2.6,0.0 (cmd 2.0),0.0 (cmd -9.4)
0.2345,37.08,2.44,0.0,-53.34,-2.63,0.0,-53.3,37.1,0.0 (cmd 2.4),0.0 (cmd -2.6)
0.235,55.98,1.77,0.0,-58.61,-0.59,0.0,-58.6,56.0,0.0 (cmd 1.8),0.0 (cmd -0.6)
0.2355,63.54,0.78,0.0,-63.06,-4.71,0.0,-63.1,63.5,0.0 (cmd 0.8),0.0 (cmd -4.7)
0.236,67.32,0.34,0.0,-66.24,-2.73,0.0,-66.2,67.3,0.0 (cmd 0.3),0.0 (cmd -2.7)
0.2365,68.43,0.15,0.0,-65.98,-2.57,0.0,-66.0,68.4,0.0 (cmd 0.1),0.0 (cmd -2.6)
0.237,59.98,-1.5,0.0,-60.54,-1.14,0.0,-60.5,60.0,0.0 (cmd -1.5),0.0 (cmd -1.1)
0.2375,33.96,-6.1,0.0,-33.38,2.64,0.0,-33.4,34.0,0.0 (cmd -6.1),0.0 (cmd 2.6)
0.238,0.25,-10.46,0.0,-4.23,4.77,0.0,-4.2,0.2,0.0 (cmd -10.5),0.0 (cmd 4.8)
0.2385,-31.53,-11.8,0.0,21.85,3.98,0.0,21.9,-31.5,0.0 (cmd -11.8),0.0 (cmd 4.0)
0.239,-45.41,-5.01,0.0,49.37,1.95,0.0,49.4,-45.4,0.0 (cmd -5.0),0.0 (cmd 1.9)
0.2395,-54.71,-0.54,0.0,53.73,0.86,0.0,53.7,-54.7,0.0 (cmd -0.5),0.0 (cmd 0.9)
0.24,-62.45,-1.29,0.0,63.42,0.38,0.0,63.4,-62.5,0.0 (cmd -1.3),0.0 (cmd 0.4)
0.2405,-65.0,-3.05,0.0,61.27,0.17,0.0,61.3,-65.0,0.0 (cmd -3.0),0.0 (cmd 0.2)
0.241,-64.61,-2.36,0.0,55.01,-0.62,0.0,55.0,-64.6,0.0 (cmd -2.4),0.0 (cmd -0.6)
0.2415,-55.68,-1.04,0.0,37.82,-2.33,0.0,37.8,-55.7,0.0 (cmd -1.0),0.0 (cmd -2.3)
0.242,-27.68,-0.46,0.0,15.8,-6.64,0.0,15.8,-27.7,0.0 (cmd -0.5),0.0 (cmd -6.6)
0.2425,-5.03,3.39,0.0,-23.77,-10.58,0.0,-23.8,-5.0,0.0 (cmd 3.4),0.0 (cmd -10.6)
0.243,21.53,3.73,0.0,-47.86,-12.0,0.0,-47.9,21.5,0.0 (cmd 3.7),0.0 (cmd -12.0)
0.2435,42.04,1.87,0.0,-62.26,-6.32,0.0,-62.3,42.0,0.0 (cmd 1.9),0.0 (cmd -6.3)
0.244,56.41,0.82,0.0,-68.13,-6.61,0.0,-68.1,56.4,0.0 (cmd 0.8),0.0 (cmd -6.6)
0.2445,61.45,0.36,0.0,-75.24,-6.97,0.0,-75.2,61.5,0.0 (cmd 0.4),0.0 (cmd -7.0)
0.245,64.44,0.16,0.0,-77.84,-2.68,0.0,-77.8,64.4,0.0 (cmd 0.2),0.0 (cmd -2.7)
0.2455,65.41,0.07,0.0,-77.51,-0.78,0.0,-77.5,65.4,0.0 (cmd 0.1),0.0 (cmd -0.8)
0.246,58.12,-2.47,0.0,-63.74,0.55,0.0,-63.7,58.1,0.0 (cmd -2.5),0.0 (cmd 0.6)
0.2465,44.99,-8.17,0.0,-26.88,4.44,0.0,-26.9,45.0,0.0 (cmd -8.2),0.0 (cmd 4.4)
0.247,13.58,-10.36,0.0,12.71,4.74,0.0,12.7,13.6,0.0 (cmd -10.4),0.0 (cmd 4.7)
0.2475,-19.66,-4.47,0.0,34.79,2.76,0.0,34.8,-19.7,0.0 (cmd -4.5),0.0 (cmd 2.8)
0.248,-34.75,-1.98,0.0,46.49,1.69,0.0,46.5,-34.8,0.0 (cmd -2.0),0.0 (cmd 1.7)
0.2485,-46.01,2.14,0.0,57.45,0.75,0.0,57.5,-46.0,0.0 (cmd 2.1),0.0 (cmd 0.8)
0.249,-54.48,1.05,0.0,60.15,0.33,0.0,60.1,-54.5,0.0 (cmd 1.1),0.0 (cmd 0.3)
0.2495,-55.93,-5.04,0.0,63.04,0.14,0.0,63.0,-55.9,0.0 (cmd -5.0),0.0 (cmd 0.1)
0.25,-57.01,-3.74,0.0,59.86,0.06,0.0,59.9,-57.0,0.0 (cmd -3.7),0.0 (cmd 0.1)
0.2505,-53.2,-2.54,0.0,45.92,-2.42,0.0,45.9,-53.2,0.0 (cmd -2.5),0.0 (cmd -2.4)
0.251,-15.5,-1.12,0.0,21.18,-6.46,0.0,21.2,-15.5,0.0 (cmd -1.1),0.0 (cmd -6.5)
0.2515,21.37,3.25,0.0,-19.35,-10.23,0.0,-19.4,21.4,0.0 (cmd 3.2),0.0 (cmd -10.2)
0.252,45.48,3.13,0.0,-42.37,-12.0,0.0,-42.4,45.5,0.0 (cmd 3.1),0.0 (cmd -12.0)
0.2525,59.75,2.06,0.0,-52.98,-12.0,0.0,-53.0,59.8,0.0 (cmd 2.1),0.0 (cmd -12.0)
0.253,67.14,0.91,0.0,-60.42,-12.0,0.0,-60.4,67.1,0.0 (cmd 0.9),0.0 (cmd -12.0)
0.2535,69.8,0.4,0.0,-64.84,-10.23,0.0,-64.8,69.8,0.0 (cmd 0.4),0.0 (cmd -10.2)
0.254,71.03,0.17,0.0,-65.21,-3.94,0.0,-65.2,71.0,0.0 (cmd 0.2),0.0 (cmd -3.9)
0.2545,63.39,-1.28,0.0,-60.75,2.66,0.0,-60.8,63.4,0.0 (cmd -1.3),0.0 (cmd 2.7)
0.255,39.05,-5.93,0.0,-33.34,5.78,0.0,-33.3,39.0,0.0 (cmd -5.9),0.0 (cmd 5.8)
0.2555,6.86,-10.51,0.0,16.29,6.8,0.0,16.3,6.9,0.0 (cmd -10.5),0.0 (cmd 6.8)
0.256,-30.41,-9.8,0.0,30.93,5.76,0.0,30.9,-30.4,0.0 (cmd -9.8),0.0 (cmd 5.8)
0.2565,-41.33,-4.1,0.0,47.0,2.94,0.0,47.0,-41.3,0.0 (cmd -4.1),0.0 (cmd 2.9)
0.257,-50.36,0.2,0.0,57.98,1.3,0.0,58.0,-50.4,0.0 (cmd 0.2),0.0 (cmd 1.3)
0.2575,-53.47,-2.58,0.0,60.35,0.57,0.0,60.4,-53.5,0.0 (cmd -2.6),0.0 (cmd 0.6)
0.258,-52.19,-2.35,0.0,57.3,0.25,0.0,57.3,-52.2,0.0 (cmd -2.4),0.0 (cmd 0.2)
0.2585,-43.63,-1.46,0.0,40.95,-0.71,0.0,41.0,-43.6,0.0 (cmd -1.5),0.0 (cmd -0.7)
0.259,-9.61,-0.65,0.0,-6.72,-3.53,0.0,-6.7,-9.6,0.0 (cmd -0.7),0.0 (cmd -3.5)
0.2595,27.26,0.98,0.0,-33.79,-7.56,0.0,-33.8,27.3,0.0 (cmd 1.0),0.0 (cmd -7.6)
0.26,47.42,4.0,0.0,-44.52,-11.7,0.0,-44.5,47.4,0.0 (cmd 4.0),0.0 (cmd -11.7)
0.2605,58.1,1.98,0.0,-57.75,-12.0,0.0,-57.8,58.1,0.0 (cmd 2.0),0.0 (cmd -12.0)
0.261,62.15,0.88,0.0,-59.39,-11.66,0.0,-59.4,62.1,0.0 (cmd 0.9),0.0 (cmd -11.7)
0.2615,61.36,0.39,0.0,-61.59,-5.63,0.0,-61.6,61.4,0.0 (cmd 0.4),0.0 (cmd -5.6)
0.262,56.83,-1.09,0.0,-56.67,1.56,0.0,-56.7,56.8,0.0 (cmd -1.1),0.0 (cmd 1.6)
0.2625,44.46,-5.58,0.0,-32.88,4.98,0.0,-32.9,44.5,0.0 (cmd -5.6),0.0 (cmd 5.0)
0.263,2.37,-10.02,0.0,1.24,5.88,0.0,1.2,2.4,0.0 (cmd -10.0),0.0 (cmd 5.9)
0.2635,-22.08,-12.0,0.0,27.84,4.34,0.0,27.8,-22.1,0.0 (cmd -12.0),0.0 (cmd 4.3)
0.264,-35.96,-12.0,0.0,45.36,1.97,0.0,45.4,-36.0,0.0 (cmd -12.0),0.0 (cmd 2.0)
0.2645,-44.74,-12.0,0.0,53.76,0.87,0.0,53.8,-44.7,0.0 (cmd -12.0),0.0 (cmd 0.9)
0.265,-49.74,-9.64,0.0,57.31,0.38,0.0,57.3,-49.7,0.0 (cmd -9.6),0.0 (cmd 0.4)
0.2655,-50.2,-3.33,0.0,56.15,0.17,0.0,56.1,-50.2,0.0 (cmd -3.3),0.0 (cmd 0.2)
0.266,-48.58,2.31,0.0,40.69,-1.11,0.0,40.7,-48.6,0.0 (cmd 2.3),0.0 (cmd -1.1)
0.2665,-32.64,5.62,0.0,14.6,-4.81,0.0,14.6,-32.6,0.0 (cmd 5.6),0.0 (cmd -4.8)
0.267,-6.65,6.27,0.0,-16.24,-8.6,0.0,-16.2,-6.7,0.0 (cmd 6.3),0.0 (cmd -8.6)
0.2675,28.1,4.53,0.0,-42.56,-11.5,0.0,-42.6,28.1,0.0 (cmd 4.5),0.0 (cmd -11.5)
0.268,48.8,2.47,0.0,-50.85,-12.0,0.0,-50.9,48.8,0.0 (cmd 2.5),0.0 (cmd -12.0)
0.2685,56.78,1.1,0.0,-53.61,-11.26,0.0,-53.6,56.8,0.0 (cmd 1.1),0.0 (cmd -11.3)
0.269,60.2,0.48,0.0,-56.91,-7.83,0.0,-56.9,60.2,0.0 (cmd 0.5),0.0 (cmd -7.8)
0.2695,59.86,0.21,0.0,-57.88,-2.0,0.0,-57.9,59.9,0.0 (cmd 0.2),0.0 (cmd -2.0)
0.27,53.07,-1.32,0.0,-55.84,2.68,0.0,-55.8,53.1,0.0 (cmd -1.3),0.0 (cmd 2.7)
0.2705,40.96,-5.94,0.0,-36.95,5.1,0.0,-37.0,41.0,0.0 (cmd -5.9),0.0 (cmd 5.1)
0.271,-1.7,-10.04,0.0,14.07,5.29,0.0,14.1,-1.7,0.0 (cmd -10.0),0.0 (cmd 5.3)
0.2715,-24.88,-12.0,0.0,35.86,3.53,0.0,35.9,-24.9,0.0 (cmd -12.0),0.0 (cmd 3.5)
0.272,-40.31,-12.0,0.0,51.65,1.81,0.0,51.6,-40.3,0.0 (cmd -12.0),0.0 (cmd 1.8)
0.2725,-48.78,-12.0,0.0,59.25,0.8,0.0,59.2,-48.8,0.0 (cmd -12.0),0.0 (cmd 0.8)
0.273,-51.22,-9.48,0.0,65.62,0.35,0.0,65.6,-51.2,0.0 (cmd -9.5),0.0 (cmd 0.3)
0.2735,-50.18,-3.28,0.0,60.64,0.15,0.0,60.6,-50.2,0.0 (cmd -3.3),0.0 (cmd 0.1)
0.274,-44.36,3.08,0.0,32.25,-1.15,0.0,32.2,-44.4,0.0 (cmd 3.1),0.0 (cmd -1.1)
0.2745,-20.0,5.87,0.0,4.14,-5.16,0.0,4.1,-20.0,0.0 (cmd 5.9),0.0 (cmd -5.2)
0.275,16.2,6.4,0.0,-9.66,-9.31,0.0,-9.7,16.2,0.0 (cmd 6.4),0.0 (cmd -9.3)
0.2755,44.05,4.51,0.0,-34.3,-12.0,0.0,-34.3,44.0,0.0 (cmd 4.5),0.0 (cmd -12.0)
0.276,54.0,2.0,0.0,-42.81,-12.0,0.0,-42.8,54.0,0.0 (cmd 2.0),0.0 (cmd -12.0)
0.2765,58.9,0.88,0.0,-55.85,-11.32,0.0,-55.9,58.9,0.0 (cmd 0.9),0.0 (cmd -11.3)
0.277,60.53,0.39,0.0,-56.4,-6.23,0.0,-56.4,60.5,0.0 (cmd 0.4),0.0 (cmd -6.2)
0.2775,55.68,0.17,0.0,-56.08,0.17,0.0,-56.1,55.7,0.0 (cmd 0.2),0.0 (cmd 0.2)
0.278,38.17,-2.52,0.0,-48.99,4.44,0.0,-49.0,38.2,0.0 (cmd -2.5),0.0 (cmd 4.4)
0.2785,6.48,-6.72,0.0,-2.0,5.75,0.0,-2.0,6.5,0.0 (cmd -6.7),0.0 (cmd 5.8)
0.279,-25.1,-10.53,0.0,20.2,4.91,0.0,20.2,-25.1,0.0 (cmd -10.5),0.0 (cmd 4.9)
0.2795,-43.77,-12.0,0.0,38.0,2.81,0.0,38.0,-43.8,0.0 (cmd -12.0),0.0 (cmd 2.8)
0.28,-49.23,-12.0,0.0,54.56,1.24,0.0,54.6,-49.2,0.0 (cmd -12.0),0.0 (cmd 1.2)
0.2805,-55.39,-11.2,0.0,59.03,0.55,0.0,59.0,-55.4,0.0 (cmd -11.2),0.0 (cmd 0.6)
0.281,-55.82,-6.08,0.0,59.41,0.24,0.0,59.4,-55.8,0.0 (cmd -6.1),0.0 (cmd 0.2)
0.2815,-53.09,1.05,0.0,38.79,-0.23,0.0,38.8,-53.1,0.0 (cmd 1.1),0.0 (cmd -0.2)
0.282,-32.7,4.91,0.0,3.98,-3.6,0.0,4.0,-32.7,0.0 (cmd 4.9),0.0 (cmd -3.6)
0.2825,6.45,6.18,0.0,-22.58,-7.84,0.0,-22.6,6.5,0.0 (cmd 6.2),0.0 (cmd -7.8)
0.283,33.03,4.65,0.0,-31.72,-11.46,0.0,-31.7,33.0,0.0 (cmd 4.7),0.0 (cmd -11.5)
0.2835,48.87,2.17,0.0,-45.6,-12.0,0.0,-45.6,48.9,0.0 (cmd 2.2),0.0 (cmd -12.0)
0.284,58.23,0.96,0.0,-47.1,-11.94,0.0,-47.1,58.2,0.0 (cmd 1.0),0.0 (cmd -11.9)
0.2845,61.35,0.42,0.0,-50.62,-7.24,0.0,-50.6,61.4,0.0 (cmd 0.4),0.0 (cmd -7.2)
0.285,61.4,0.18,0.0,-51.31,-0.27,0.0,-51.3,61.4,0.0 (cmd 0.2),0.0 (cmd -0.3)
0.2855,57.27,-1.64,0.0,-49.45,2.57,0.0,-49.5,57.3,0.0 (cmd -1.6),0.0 (cmd 2.6)
0.286,28.97,-6.21,0.0,-25.83,4.99,0.0,-25.8,29.0,0.0 (cmd -6.2),0.0 (cmd 5.0)
0.2865,0.65,-10.04,0.0,-0.91,4.45,0.0,-0.9,0.7,0.0 (cmd -10.0),0.0 (cmd 4.5)
0.287,-22.87,-12.0,0.0,28.09,2.43,0.0,28.1,-22.9,0.0 (cmd -12.0),0.0 (cmd 2.4)
0.2875,-45.22,-12.0,0.0,48.43,1.72,0.0,48.4,-45.2,0.0 (cmd -12.0),0.0 (cmd 1.7)
0.288,-51.18,-11.29,0.0,58.98,0.76,0.0,59.0,-51.2,0.0 (cmd -11.3),0.0 (cmd 0.8)
0.2885,-55.52,-7.66,0.0,64.65,0.33,0.0,64.7,-55.5,0.0 (cmd -7.7),0.0 (cmd 0.3)
0.289,-55.1,-1.85,0.0,59.21,0.15,0.0,59.2,-55.1,0.0 (cmd -1.9),0.0 (cmd 0.1)
0.2895,-48.36,3.54,0.0,48.76,-1.25,0.0,48.8,-48.4,0.0 (cmd 3.5),0.0 (cmd -1.2)
0.29,-28.75,5.7,0.0,24.46,-5.5,0.0,24.5,-28.8,0.0 (cmd 5.7),0.0 (cmd -5.5)
0.2905,8.45,5.39,0.0,9.23,-9.78,0.0,9.2,8.4,0.0 (cmd 5.4),0.0 (cmd -9.8)
0.291,33.24,3.26,0.0,-7.24,-12.0,0.0,-7.2,33.2,0.0 (cmd 3.3),0.0 (cmd -12.0)
0.2915,48.24,2.05,0.0,-40.74,-12.0,0.0,-40.7,48.2,0.0 (cmd 2.0),0.0 (cmd -12.0)
0.292,55.65,0.91,0.0,-52.02,-12.0,0.0,-52.0,55.6,0.0 (cmd 0.9),0.0 (cmd -12.0)
0.2925,59.79,0.4,0.0,-56.35,-9.3,0.0,-56.4,59.8,0.0 (cmd 0.4),0.0 (cmd -9.3)
0.293,59.57,0.17,0.0,-54.61,-3.74,0.0,-54.6,59.6,0.0 (cmd 0.2),0.0 (cmd -3.7)
0.2935,56.7,0.07,0.0,-53.4,2.19,0.0,-53.4,56.7,0.0 (cmd 0.1),0.0 (cmd 2.2)
0.294,40.28,-3.37,0.0,-10.41,5.41,0.0,-10.4,40.3,0.0 (cmd -3.4),0.0 (cmd 5.4)
0.2945,11.41,-7.73,0.0,25.8,6.15,0.0,25.8,11.4,0.0 (cmd -7.7),0.0 (cmd 6.2)
0.295,-12.8,-11.38,0.0,35.02,5.0,0.0,35.0,-12.8,0.0 (cmd -11.4),0.0 (cmd 5.0)
0.2955,-34.66,-12.0,0.0,50.51,2.79,0.0,50.5,-34.7,0.0 (cmd -12.0),0.0 (cmd 2.8)
0.296,-44.52,-12.0,0.0,53.73,1.24,0.0,53.7,-44.5,0.0 (cmd -12.0),0.0 (cmd 1.2)
0.2965,-47.86,-10.91,0.0,58.09,0.55,0.0,58.1,-47.9,0.0 (cmd -10.9),0.0 (cmd 0.6)
0.297,-47.59,-4.8,0.0,55.71,0.24,0.0,55.7,-47.6,0.0 (cmd -4.8),0.0 (cmd 0.2)
0.2975,-40.15,1.99,0.0,34.82,-0.45,0.0,34.8,-40.1,0.0 (cmd 2.0),0.0 (cmd -0.5)
0.298,-15.84,5.36,0.0,6.17,-3.69,0.0,6.2,-15.8,0.0 (cmd 5.4),0.0 (cmd -3.7)
0.2985,23.48,6.47,0.0,-19.35,-7.57,0.0,-19.4,23.5,0.0 (cmd 6.5),0.0 (cmd -7.6)
0.299,41.65,4.1,0.0,-36.85,-10.92,0.0,-36.9,41.6,0.0 (cmd 4.1),0.0 (cmd -10.9)
0.2995,54.75,1.82,0.0,-43.53,-12.0,0.0,-43.5,54.8,0.0 (cmd 1.8),0.0 (cmd -12.0)
0.3,61.37,0.8,0.0,-49.63,-10.38,0.0,-49.6,61.4,0.0 (cmd 0.8),0.0 (cmd -10.4)
0.3005,62.62,0.35,0.0,-50.12,-5.37,0.0,-50.1,62.6,0.0 (cmd 0.3),0.0 (cmd -5.4)
0.301,55.95,0.15,0.0,-43.74,1.14,0.0,-43.7,56.0,0.0 (cmd 0.1),0.0 (cmd 1.1)
0.3015,26.64,-3.83,0.0,-20.3,4.47,0.0,-20.3,26.6,0.0 (cmd -3.8),0.0 (cmd 4.5)
0.302,-6.26,-7.93,0.0,10.55,5.23,0.0,10.6,-6.3,0.0 (cmd -7.9),0.0 (cmd 5.2)
0.3025,-28.18,-11.27,0.0,27.1,3.86,0.0,27.1,-28.2,0.0 (cmd -11.3),0.0 (cmd 3.9)
0.303,-38.24,-12.0,0.0,38.75,1.77,0.0,38.8,-38.2,0.0 (cmd -12.0),0.0 (cmd 1.8)
0.3035,-49.02,-11.83,0.0,41.38,0.78,0.0,41.4,-49.0,0.0 (cmd -11.8),0.0 (cmd 0.8)
0.304,-51.62,-7.52,0.0,46.17,0.34,0.0,46.2,-51.6,0.0 (cmd -7.5),0.0 (cmd 0.3)
0.3045,-48.98,-0.76,0.0,35.4,0.15,0.0,35.4,-49.0,0.0 (cmd -0.8),0.0 (cmd 0.1)
0.305,-34.84,3.94,0.0,20.61,-1.95,0.0,20.6,-34.8,0.0 (cmd 3.9),0.0 (cmd -1.9)
0.3055,-6.91,5.7,0.0,7.14,-5.33,0.0,7.1,-6.9,0.0 (cmd 5.7),0.0 (cmd -5.3)
0.306,22.78,4.91,0.0,-11.55,-8.46,0.0,-11.6,22.8,0.0 (cmd 4.9),0.0 (cmd -8.5)
0.3065,42.08,2.58,0.0,-22.09,-10.78,0.0,-22.1,42.1,0.0 (cmd 2.6),0.0 (cmd -10.8)
0.307,56.04,1.14,0.0,-35.59,-10.5,0.0,-35.6,56.0,0.0 (cmd 1.1),0.0 (cmd -10.5)
0.3075,58.97,0.5,0.0,-41.42,-7.72,0.0,-41.4,59.0,0.0 (cmd 0.5),0.0 (cmd -7.7)
0.308,60.08,0.22,0.0,-50.16,-3.14,0.0,-50.2,60.1,0.0 (cmd 0.2),0.0 (cmd -3.1)
0.3085,49.84,-0.39,0.0,-48.77,1.43,0.0,-48.8,49.8,0.0 (cmd -0.4),0.0 (cmd 1.4)
0.309,32.21,-3.38,0.0,-39.64,3.77,0.0,-39.6,32.2,0.0 (cmd -3.4),0.0 (cmd 3.8)
0.3095,4.7,-7.12,0.0,6.54,4.2,0.0,6.5,4.7,0.0 (cmd -7.1),0.0 (cmd 4.2)
0.31,-18.43,-10.31,0.0,32.48,3.0,0.0,32.5,-18.4,0.0 (cmd -10.3),0.0 (cmd 3.0)
0.3105,-39.68,-12.0,0.0,44.83,1.84,0.0,44.8,-39.7,0.0 (cmd -12.0),0.0 (cmd 1.8)
0.311,-46.75,-11.51,0.0,59.6,0.81,0.0,59.6,-46.8,0.0 (cmd -11.5),0.0 (cmd 0.8)
0.3115,-54.24,-8.71,0.0,63.95,0.36,0.0,64.0,-54.2,0.0 (cmd -8.7),0.0 (cmd 0.4)
0.312,-54.43,-3.2,0.0,59.75,0.16,0.0,59.8,-54.4,0.0 (cmd -3.2),0.0 (cmd 0.2)
0.3125,-50.57,2.27,0.0,54.15,-1.13,0.0,54.1,-50.6,0.0 (cmd 2.3),0.0 (cmd -1.1)
0.313,-27.39,4.92,0.0,31.13,-4.89,0.0,31.1,-27.4,0.0 (cmd 4.9),0.0 (cmd -4.9)
0.3135,1.53,5.22,0.0,-1.49,-9.08,0.0,-1.5,1.5,0.0 (cmd 5.2),0.0 (cmd -9.1)
0.314,33.61,3.38,0.0,-17.4,-12.0,0.0,-17.4,33.6,0.0 (cmd 3.4),0.0 (cmd -12.0)
0.3145,47.19,1.94,0.0,-32.43,-12.0,0.0,-32.4,47.2,0.0 (cmd 1.9),0.0 (cmd -12.0)
0.315,57.77,0.86,0.0,-43.3,-12.0,0.0,-43.3,57.8,0.0 (cmd 0.9),0.0 (cmd -12.0)
0.3155,61.67,0.38,0.0,-46.03,-8.49,0.0,-46.0,61.7,0.0 (cmd 0.4),0.0 (cmd -8.5)
0.316,59.46,0.16,0.0,-41.38,-2.12,0.0,-41.4,59.5,0.0 (cmd 0.2),0.0 (cmd -2.1)
0.3165,43.7,-1.15,0.0,-7.78,3.59,0.0,-7.8,43.7,0.0 (cmd -1.1),0.0 (cmd 3.6)
0.317,6.17,-4.86,0.0,30.66,5.82,0.0,30.7,6.2,0.0 (cmd -4.9),0.0 (cmd 5.8)
0.3175,-30.39,-8.68,0.0,41.15,5.81,0.0,41.1,-30.4,0.0 (cmd -8.7),0.0 (cmd 5.8)
0.318,-44.22,-11.63,0.0,55.05,3.74,0.0,55.0,-44.2,0.0 (cmd -11.6),0.0 (cmd 3.7)
0.3185,-54.15,-12.0,0.0,61.46,1.66,0.0,61.5,-54.1,0.0 (cmd -12.0),0.0 (cmd 1.7)
0.319,-56.58,-9.25,0.0,64.44,0.73,0.0,64.4,-56.6,0.0 (cmd -9.2),0.0 (cmd 0.7)
0.3195,-49.89,-2.47,0.0,51.13,-0.27,0.0,51.1,-49.9,0.0 (cmd -2.5),0.0 (cmd -0.3)
0.32,-28.63,2.9,0.0,18.39,-2.7,0.0,18.4,-28.6,0.0 (cmd 2.9),0.0 (cmd -2.7)
0.3205,5.48,5.23,0.0,-9.32,-7.02,0.0,-9.3,5.5,0.0 (cmd 5.2),0.0 (cmd -7.0)
0.321,38.51,3.97,0.0,-22.54,-10.86,0.0,-22.5,38.5,0.0 (cmd 4.0),0.0 (cmd -10.9)
0.3215,50.81,1.76,0.0,-36.43,-12.0,0.0,-36.4,50.8,0.0 (cmd 1.8),0.0 (cmd -12.0)
0.322,60.25,0.78,0.0,-44.85,-11.08,0.0,-44.9,60.2,0.0 (cmd 0.8),0.0 (cmd -11.1)
0.3225,63.48,0.34,0.0,-47.84,-5.69,0.0,-47.8,63.5,0.0 (cmd 0.3),0.0 (cmd -5.7)
0.323,61.17,0.15,0.0,-45.64,0.99,0.0,-45.6,61.2,0.0 (cmd 0.1),0.0 (cmd 1.0)
0.3235,44.54,-3.0,0.0,-21.91,4.63,0.0,-21.9,44.5,0.0 (cmd -3.0),0.0 (cmd 4.6)
0.324,-3.76,-7.28,0.0,11.38,4.99,0.0,11.4,-3.8,0.0 (cmd -7.3),0.0 (cmd 5.0)
0.3245,-41.73,-10.82,0.0,30.18,3.15,0.0,30.2,-41.7,0.0 (cmd -10.8),0.0 (cmd 3.1)
0.325,-59.16,-12.0,0.0,46.21,1.48,0.0,46.2,-59.2,0.0 (cmd -12.0),0.0 (cmd 1.5)
0.3255,-70.21,-10.84,0.0,60.88,0.65,0.0,60.9,-70.2,0.0 (cmd -10.8),0.0 (cmd 0.7)
0.326,-70.32,-6.3,0.0,57.71,0.29,0.0,57.7,-70.3,0.0 (cmd -6.3),0.0 (cmd 0.3)
0.3265,-63.46,0.65,0.0,39.82,-0.29,0.0,39.8,-63.5,0.0 (cmd 0.7),0.0 (cmd -0.3)
0.327,-42.04,4.42,0.0,-0.25,-3.96,0.0,-0.2,-42.0,0.0 (cmd 4.4),0.0 (cmd -4.0)
0.3275,-10.2,5.2,0.0,-20.35,-8.97,0.0,-20.4,-10.2,0.0 (cmd 5.2),0.0 (cmd -9.0)
0.328,21.42,3.34,0.0,-31.91,-11.01,0.0,-31.9,21.4,0.0 (cmd 3.3),0.0 (cmd -11.0)
0.3285,44.22,1.78,0.0,-43.94,-8.58,0.0,-43.9,44.2,0.0 (cmd 1.8),0.0 (cmd -8.6)
0.329,52.33,0.79,0.0,-52.44,-8.89,0.0,-52.4,52.3,0.0 (cmd 0.8),0.0 (cmd -8.9)
0.3295,56.83,0.35,0.0,-56.71,-4.08,0.0,-56.7,56.8,0.0 (cmd 0.3),0.0 (cmd -4.1)
0.33,53.02,0.15,0.0,-54.14,-1.06,0.0,-54.1,53.0,0.0 (cmd 0.1),0.0 (cmd -1.1)
0.3305,31.19,-2.71,0.0,-29.64,3.36,0.0,-29.6,31.2,0.0 (cmd -2.7),0.0 (cmd 3.4)
0.331,-8.76,-7.02,0.0,14.28,4.73,0.0,14.3,-8.8,0.0 (cmd -7.0),0.0 (cmd 4.7)
0.3315,-48.74,-10.68,0.0,32.25,3.44,0.0,32.2,-48.7,0.0 (cmd -10.7),0.0 (cmd 3.4)
0.332,-59.33,-12.0,0.0,44.84,1.58,0.0,44.8,-59.3,0.0 (cmd -12.0),0.0 (cmd 1.6)
0.3325,-64.88,-11.57,0.0,50.19,0.7,0.0,50.2,-64.9,0.0 (cmd -11.6),0.0 (cmd 0.7)
0.333,-55.63,-6.56,0.0,35.91,-0.6,0.0,35.9,-55.6,0.0 (cmd -6.6),0.0 (cmd -0.6)
0.3335,-25.34,0.93,0.0,-0.11,-1.48,0.0,-0.1,-25.3,0.0 (cmd 0.9),0.0 (cmd -1.5)
0.334,0.03,4.85,0.0,-30.87,-5.09,0.0,-30.9,0.0,0.0 (cmd 4.8),0.0 (cmd -5.1)
0.3345,37.09,5.1,0.0,-41.21,-9.79,0.0,-41.2,37.1,0.0 (cmd 5.1),0.0 (cmd -9.8)
0.335,53.76,2.26,0.0,-50.37,-11.55,0.0,-50.4,53.8,0.0 (cmd 2.3),0.0 (cmd -11.6)
0.3355,57.77,1.0,0.0,-55.06,-8.52,0.0,-55.1,57.8,0.0 (cmd 1.0),0.0 (cmd -8.5)
0.336,53.81,0.44,0.0,-48.12,-1.51,0.0,-48.1,53.8,0.0 (cmd 0.4),0.0 (cmd -1.5)
0.3365,34.63,-2.64,0.0,-26.21,3.42,0.0,-26.2,34.6,0.0 (cmd -2.6),0.0 (cmd 3.4)
0.337,-4.03,-7.16,0.0,14.29,4.5,0.0,14.3,-4.0,0.0 (cmd -7.2),0.0 (cmd 4.5)
0.3375,-41.47,-10.96,0.0,39.33,2.94,0.0,39.3,-41.5,0.0 (cmd -11.0),0.0 (cmd 2.9)
0.338,-67.2,-12.0,0.0,53.94,1.3,0.0,53.9,-67.2,0.0 (cmd -12.0),0.0 (cmd 1.3)
0.3385,-78.24,-9.43,0.0,59.61,0.57,0.0,59.6,-78.2,0.0 (cmd -9.4),0.0 (cmd 0.6)
0.339,-79.64,-3.11,0.0,66.67,0.25,0.0,66.7,-79.6,0.0 (cmd -3.1),0.0 (cmd 0.2)
0.3395,-72.31,1.59,0.0,54.57,-0.87,0.0,54.6,-72.3,0.0 (cmd 1.6),0.0 (cmd -0.9)
0.34,-42.31,4.36,0.0,34.14,-6.7,0.0,34.1,-42.3,0.0 (cmd 4.4),0.0 (cmd -6.7)
0.3405,-3.49,3.76,0.0,-9.29,-9.55,0.0,-9.3,-3.5,0.0 (cmd 3.8),0.0 (cmd -9.6)
0.341,24.81,2.43,0.0,-38.11,-4.16,0.0,-38.1,24.8,0.0 (cmd 2.4),0.0 (cmd -4.2)
0.3415,55.56,1.3,0.0,-50.5,0.34,0.0,-50.5,55.6,0.0 (cmd 1.3),0.0 (cmd 0.3)
0.342,68.04,0.57,0.0,-56.16,2.03,0.0,-56.2,68.0,0.0 (cmd 0.6),0.0 (cmd 2.0)
0.3425,71.04,0.25,0.0,-60.59,-4.56,0.0,-60.6,71.0,0.0 (cmd 0.2),0.0 (cmd -4.6)
0.343,71.08,0.11,0.0,-58.25,-3.24,0.0,-58.2,71.1,0.0 (cmd 0.1),0.0 (cmd -3.2)
0.3435,59.56,-2.96,0.0,-51.66,-1.43,0.0,-51.7,59.6,0.0 (cmd -3.0),0.0 (cmd -1.4)
0.344,49.03,-8.26,0.0,-39.04,2.6,0.0,-39.0,49.0,0.0 (cmd -8.3),0.0 (cmd 2.6)
0.3445,-7.07,-12.0,0.0,10.98,2.61,0.0,11.0,-7.1,0.0 (cmd -12.0),0.0 (cmd 2.6)
0.345,-42.18,-5.11,0.0,38.88,1.21,0.0,38.9,-42.2,0.0 (cmd -5.1),0.0 (cmd 1.2)
0.3455,-67.05,0.64,0.0,54.97,0.53,0.0,55.0,-67.0,0.0 (cmd 0.6),0.0 (cmd 0.5)
0.346,-75.03,-4.46,0.0,66.3,0.23,0.0,66.3,-75.0,0.0 (cmd -4.5),0.0 (cmd 0.2)
0.3465,-73.73,-6.48,0.0,58.04,0.1,0.0,58.0,-73.7,0.0 (cmd -6.5),0.0 (cmd 0.1)
0.347,-47.39,-3.31,0.0,37.88,-1.32,0.0,37.9,-47.4,0.0 (cmd -3.3),0.0 (cmd -1.3)
0.3475,-4.51,1.72,0.0,3.79,-5.05,0.0,3.8,-4.5,0.0 (cmd 1.7),0.0 (cmd -5.0)
0.348,33.11,4.53,0.0,-29.0,-10.34,0.0,-29.0,33.1,0.0 (cmd 4.5),0.0 (cmd -10.3)
0.3485,53.18,3.65,0.0,-36.06,-5.35,0.0,-36.1,53.2,0.0 (cmd 3.6),0.0 (cmd -5.3)
0.349,51.4,1.62,0.0,-26.17,-1.39,0.0,-26.2,51.4,0.0 (cmd 1.6),0.0 (cmd -1.4)
0.3495,28.76,-2.0,0.0,18.63,2.41,0.0,18.6,28.8,0.0 (cmd -2.0),0.0 (cmd 2.4)
0.35,-16.42,-2.65,0.0,53.77,4.31,0.0,53.8,-16.4,0.0 (cmd -2.6),0.0 (cmd 4.3)
0.3505,-71.2,-4.17,0.0,58.25,1.91,0.0,58.2,-71.2,0.0 (cmd -4.2),0.0 (cmd 1.9)
0.351,-75.63,-7.34,0.0,47.97,0.84,0.0,48.0,-75.6,0.0 (cmd -7.3),0.0 (cmd 0.8)
0.3515,-35.34,-4.08,0.0,-8.49,-4.42,0.0,-8.5,-35.3,0.0 (cmd -4.1),0.0 (cmd -4.4)
0.352,13.96,-1.19,0.0,-48.38,-3.3,0.0,-48.4,14.0,0.0 (cmd -1.2),0.0 (cmd -3.3)
0.3525,57.61,1.82,0.0,-38.57,-6.89,0.0,-38.6,57.6,0.0 (cmd 1.8),0.0 (cmd -6.9)
0.353,42.57,0.8,0.0,33.12,-3.47,0.0,33.1,42.6,0.0 (cmd 0.8),0.0 (cmd -3.5)
0.3535,15.81,-1.19,0.0,68.06,2.34,0.0,68.1,15.8,0.0 (cmd -1.2),0.0 (cmd 2.3)
0.354,7.42,-5.32,0.0,66.82,1.58,0.0,66.8,7.4,0.0 (cmd -5.3),0.0 (cmd 1.6)
0.3545,11.32,-4.34,0.0,-280.65,0.7,0.0,-280.6,11.3,0.0 (cmd -4.3),0.0 (cmd 0.7)
0.355,26.52,0.55,0.0,-279.51,-2.85,0.0,-279.5,26.5,0.0 (cmd 0.6),0.0 (cmd -2.9)
0.3555,-49.95,-2.33,0.0,-279.47,-4.36,0.0,-279.5,-50.0,0.0 (cmd -2.3),0.0 (cmd -4.4)
0.356,-84.82,-0.55,0.0,-279.46,-0.32,0.0,-279.5,-84.8,0.0 (cmd -0.6),0.0 (cmd -0.3)
0.3565,-82.91,0.25,0.0,-279.27,0.35,0.0,-279.3,-82.9,0.0 (cmd 0.2),0.0 (cmd 0.3)
0.357,-94.87,0.11,0.0,-278.95,0.15,0.0,-278.9,-94.9,0.0 (cmd 0.1),0.0 (cmd 0.1)
0.3575,-92.44,0.05,0.0,-278.83,0.07,0.0,-278.8,-92.4,0.0 (cmd 0.1),0.0 (cmd 0.1)
0.358,-92.63,0.02,0.0,-278.79,0.03,0.0,-278.8,-92.6,0.0 (cmd 0.0),0.0 (cmd 0.0)
0.3585,-94.51,0.0,0.0,-278.8,0.01,0.0,-278.8,-94.5,0.0 (cmd 0.0),0.0 (cmd 0.0)
0.359,-95.91,0.0,0.0,-278.8,0.0,0.0,-278.8,-95.9,0.0 (cmd 0.0),0.0 (cmd 0.0)
0.3595,-97.14,0.0,0.0,-278.82,0.0,0.0,-278.8,-97.1,0.0 (cmd 0.0),0.0 (cmd 0.0)
0.36,-97.77,0.0,0.0,-278.82,0.0,0.0,-278.8,-97.8,0.0 (cmd 0.0),0.0 (cmd 0.0)
0.3605,-98.56,0.0,0.0,-278.83,0.0,0.0,-278.8,-98.6,0.0 (cmd 0.0),0.0 (cmd 0.0)
0.361,-98.92,0.0,0.0,-278.84,0.0,0.0,-278.8,-98.9,0.0 (cmd 0.0),0.0 (cmd 0.0)
0.3615,-98.9,0.0,0.0,-278.84,0.0,0.0,-278.8,-98.9,0.0 (cmd 0.0),0.0 (cmd 0.0)
0.362,-98.89,0.0,0.0,-278.85,0.0,0.0,-278.9,-98.9,0.0 (cmd 0.0),0.0 (cmd 0.0)
0.3625,-98.89,0.0,0.0,-278.85,0.0,0.0,-278.9,-98.9,0.0 (cmd 0.0),0.0 (cmd 0.0)
0.363,-98.89,0.0,0.0,-278.86,0.0,0.0,-278.9,-98.9,0.0 (cmd 0.0),0.0 (cmd 0.0)
0.3635,-98.89,0.0,0.0,-278.87,0.0,0.0,-278.9,-98.9,0.0 (cmd 0.0),0.0 (cmd 0.0)
0.364,-98.88,0.0,0.0,-278.87,0.0,0.0,-278.9,-98.9,0.0 (cmd 0.0),0.0 (cmd 0.0)
0.3645,-98.88,0.0,0.0,-278.88,0.0,0.0,-278.9,-98.9,0.0 (cmd 0.0),0.0 (cmd 0.0)
0.365,-100.45,0.0,0.0,-279.0,0.0,0.0,-279.0,-100.5,0.0 (cmd 0.0),0.0 (cmd 0.0)
0.3655,-99.8,0.0,0.0,-279.39,0.0,0.0,-279.4,-99.8,0.0 (cmd 0.0),0.0 (cmd 0.0)
0.366,-97.46,0.0,0.0,-279.3,0.0,0.0,-279.3,-97.5,0.0 (cmd 0.0),0.0 (cmd 0.0)
0.3665,-98.03,0.0,0.0,-279.24,0.0,0.0,-279.2,-98.0,0.0 (cmd 0.0),0.0 (cmd 0.0)
0.367,-98.09,0.0,0.0,-279.19,0.0,0.0,-279.2,-98.1,0.0 (cmd 0.0),0.0 (cmd 0.0)
0.3675,-98.18,0.0,0.0,-279.19,0.0,0.0,-279.2,-98.2,0.0 (cmd 0.0),0.0 (cmd 0.0)
0.368,-98.24,0.0,0.0,-279.19,0.0,0.0,-279.2,-98.2,0.0 (cmd 0.0),0.0 (cmd 0.0)
0.3685,-98.3,0.0,0.0,-279.19,0.0,0.0,-279.2,-98.3,0.0 (cmd 0.0),0.0 (cmd 0.0)
0.369,-98.35,0.0,0.0,-279.19,0.0,0.0,-279.2,-98.3,0.0 (cmd 0.0),0.0 (cmd 0.0)
0.3695,-98.39,0.0,0.0,-279.19,0.0,0.0,-279.2,-98.4,0.0 (cmd 0.0),0.0 (cmd 0.0)
0.37,-98.44,0.0,0.0,-279.19,0.0,0.0,-279.2,-98.4,0.0 (cmd 0.0),0.0 (cmd 0.0)
0.3705,-98.48,0.0,0.0,-279.19,0.0,0.0,-279.2,-98.5,0.0 (cmd 0.0),0.0 (cmd 0.0)
0.371,-98.5,0.0,0.0,-279.19,0.0,0.0,-279.2,-98.5,0.0 (cmd 0.0),0.0 (cmd 0.0)
0.3715,-98.53,0.0,0.0,-279.19,0.0,0.0,-279.2,-98.5,0.0 (cmd 0.0),0.0 (cmd 0.0)
0.372,-98.59,0.0,0.0,-279.18,0.0,0.0,-279.2,-98.6,0.0 (cmd 0.0),0.0 (cmd 0.0)
0.3725,-98.63,0.0,0.0,-279.17,0.0,0.0,-279.2,-98.6,0.0 (cmd 0.0),0.0 (cmd 0.0)
0.373,-98.66,0.0,0.0,-279.16,0.0,0.0,-279.2,-98.7,0.0 (cmd 0.0),0.0 (cmd 0.0)
0.3735,-98.69,0.0,0.0,-279.15,0.0,0.0,-279.1,-98.7,0.0 (cmd 0.0),0.0 (cmd 0.0)
